{
    "loss": 24.068683624267578,
    "accuracy": 0.48201438784599304
}