{
    "loss": 7.77538537979126,
    "accuracy": 0.5035971403121948
}