{
    "loss": 10.594366073608398,
    "accuracy": 0.5035971403121948
}